
    <filmovi>
        <film>
            <naziv>Parasite</naziv>
            <godina>2019</godina>
            <slika>slike/parasite.jpg</slika>
            <backslika>background/parasitebackground.jpg</backslika>
            <zanr>Drama/Thriller</zanr>
            <rating>8.6/10</rating>
        </film>
        <film>
            <naziv>Green Book</naziv>
            <godina>2018</godina>
            <slika>slike/greenbook.jpg</slika>
            <backslika>background/greenbookback.jpg</backslika>
            <zanr>Biography/Comedy/Drama</zanr>
            <rating>8.2/10</rating>
        </film>
        <film>
            <naziv>Casablanca</naziv>
            <godina>1942</godina>
            <slika>slike/casablanca.jpg</slika>
            <backslika>background/casablancaback.jpg</backslika>
            <zanr>Drama/Romance/War</zanr>
            <rating>8.5/10</rating>
        </film>
        <film>
            <naziv>Pulp Fiction</naziv>
            <godina>1994</godina>
            <slika>slike/pulpfiction.png</slika>
            <backslika>background/pulpbackground.jpg</backslika>
            <zanr>Crime/Drama</zanr>
            <rating>8.9/10</rating>
        </film>
        <film>
            <naziv>Seven</naziv>
            <godina>1995</godina>
            <slika>slike/seven.jpg</slika>
            <backslika>background/sevenback.jpg</backslika>
            <zanr>Crime/Drama/Mystery</zanr>
            <rating>8.6/10</rating>
        </film>
        <film>
            <naziv>The Lord of the Rings: The Return of the King</naziv>
            <godina>2003</godina>
            <slika>slike/lotrrotk.jpg</slika>
            <backslika>background/lotrrotkback.jpg</backslika>
            <zanr>Adventure/Drama/Fantasy</zanr>
            <rating>8.9/10</rating>
        </film>
        <film>
            <naziv>The Shawshank Redemption</naziv>
            <godina>1994</godina>
            <slika>slike/shawshank.jpg</slika>
            <backslika>background/shawshankback.jpg</backslika>
            <zanr>Drama</zanr>
            <rating>9.3/10</rating>
        </film>
        <film>
            <naziv>Die Hard</naziv>
            <godina>1988</godina>
            <slika>slike/diehard.jpg</slika>
            <backslika>background/diehardback.jpg</backslika>
            <zanr>Action/Thriller</zanr>
            <rating>8.2/10</rating>
        </film>
        <film>
            <naziv>The Dark Knight</naziv>
            <godina>2008</godina>
            <slika>slike/darkknight.jpg</slika>
            <backslika>background/darkknightback.jpg</backslika>
            <zanr>Action/Crime/Drama</zanr>
            <rating>9.0/10</rating>
        </film>
        <film>
            <naziv>Forrest Gump</naziv>
            <godina>1994</godina>
            <slika>slike/forrestgump.jpg</slika>
            <backslika>background/forrestbackground.jpg</backslika>
            <zanr>Drama/Romance</zanr>
            <rating>8.8/10</rating>
        </film>
    </filmovi>
